country_name,2000,2001,2002,2003,2004,2005,2006,2007,2008,2009,2010,2011,2012,2013,2014,2015,2016,2017,2018,2019,2020,2021,average_expenditure_per_capita,rating_by_capita
Africa Eastern and Southern,43.1795228372368,38.2403733317884,35.3893938242988,50.8460540792795,62.5592083924407,69.4852863304066,76.0411240434661,85.1519403196774,87.5461437976285,91.1372255372862,105.4266179681,113.689713895816,110.501013666199,108.335144725309,101.823439306303,93.7748478025413,88.7445659145673,92.9328629491339,92.9642508697595,89.9445460259529,81.4924179824656,92.2863864495709,82.34054909314672,Low
Afghanistan,,,17.00758553,17.81492424,21.42946434,25.10707283,28.91982269,32.71720505,39.96989822,43.26076889,46.57987976,52.36304855,52.61354065,56.30554199,60.18957901,60.05854034,61.48645782,66.90921783,71.33430481,74.23410797,80.28805542,81.31976318,49.495438956,Low
Africa Western and Central,19.9319910597885,20.5949832545489,21.7711990471626,33.4668752552486,37.9164998694285,43.3928347433656,49.903259542111,53.8988787697373,62.0963513519559,56.6508803253798,60.1874674138688,67.1748464422327,69.6096181921816,77.1422499994464,80.0270550179751,71.6926286025817,62.5061628544771,60.6495252439816,59.4437737904965,61.8668835109289,64.6460439896129,72.9596388302349,54.88771123212477,Low
Angola,13.00008678,28.92523384,29.05480003,34.8696785,49.77629852,54.21235657,69.76922607,92.84111786,135.63153076,120.0315094,96.66415405,121.91368866,121.79575348,142.88616943,130.74234009,107.64356232,94.1061554,112.85147095,83.89920044,64.65779114,55.05102158,64.16342163,82.93120761363636,Low
Albania,65.1501236,73.78884125,78.99478149,106.29218292,138.11340332,152.12762451,166.81382751,212.61096191,240.41625977,239.44386292,255.31819153,274.77688599,262.2885437,278.04251099,295.12359619,255.35635376,277.04321289,297.4619751,351.3012085,367.75839233,396.88024902,464.74285889,238.62935673136363,Low
Andorra,1287.00280762,1336.21142578,1486.171875,1772.71337891,1990.0748291,2214.64697266,2139.27539063,2489.43115234,3046.36206055,3025.30883789,3698.80834961,3913.98706055,3013.51464844,3041.84155273,3089.84301758,2688.20629883,2755.44848633,2873.29614258,3164.38842773,3026.59741211,3269.29736328,3505.99145508,2674.019042969546,Very High
Arab World,111.485164198577,114.499090398788,113.652583099572,109.944319312587,120.567474518509,134.290721725484,154.016879905897,180.181544955862,211.521649095595,227.197512819912,236.991096387782,269.758125992248,293.36181496949,328.038471486147,355.165785807863,337.753756107532,360.470501390027,352.245384276453,367.976209156136,374.958958201344,380.651568760676,401.863401164089,251.66327335138956,Low
United Arab Emirates,753.07550049,743.05072021,821.34509277,862.90325928,911.39276123,978.90435791,1054.33288574,1126.81237793,1321.93688965,1284.76318359,1325.20324707,1500.80249023,1480.72741699,1601.55285645,1656.2689209,1439.30053711,1599.4029541,1726.24072266,1914.9317627,1990.28479004,2191.81347656,2351.80541992,1392.5841647059094,High
Argentina,704.94592285,671.36853027,222.64750671,260.9826355,310.21994019,390.80447388,453.63934326,569.28839111,742.90466309,781.77801514,980.1362915,1202.56396484,1361.99157715,1415.21008301,1280.61486816,1525.05310059,1258.3079834,1494.83605957,1216.10681152,1016.23083496,895.08465576,1044.77270508,899.9767435245453,Moderate
Armenia,25.0,31.0,58.0,65.0,71.0,94.0,123.0,168.0,260.0,246.0,290.0,325.0,333.0,396.0,409.0,371.0,366.0,419.0,439.0,549.0,552.0,613.0,281.95454545454544,Low
Antigua and Barbuda,519.13116455,571.1116333,557.902771,612.15380859,596.07177734,639.24017334,662.71893311,711.56207275,691.20733643,606.90460205,720.92443848,713.99853516,749.94378662,735.49279785,822.39221191,784.64538574,812.51092529,785.4710083,849.83349609,801.54382324,875.70098877,923.4072876,715.6304071595455,Moderate
Australia,1636.52856445,1559.82128906,1763.69567871,2240.74609375,2760.83081055,3014.10473633,3194.03076172,3815.33642578,4107.01269531,4011.93261719,4975.47070313,5909.14990234,6071.65087891,5843.17382813,6130.99853516,5322.97119141,5453.92480469,5813.61376953,5857.28808594,5545.91064453,5958.765625,7055.36816406,4456.469354803637,Very High
Austria,2269.0,2283.0,2498.0,3091.0,3595.0,3710.0,3883.0,4479.0,5058.0,4929.0,4801.0,5168.0,4966.0,5235.0,5394.0,4613.0,4710.0,4939.0,5337.0,5263.0,5567.0,6505.0,4467.863636363636,Very High
Azerbaijan,19.0,19.0,20.0,23.0,27.0,34.0,50.0,74.0,111.0,134.0,152.0,183.0,232.0,249.0,277.0,234.0,168.0,165.0,178.0,197.0,243.0,249.0,138.0909090909091,Low
Burundi,5.82561302,7.70397997,6.6404686,6.02923203,9.11969662,11.43010426,14.48706532,15.68034935,15.07347488,18.82117844,25.12049484,23.81056213,20.57489777,20.8417263,18.59082222,18.2036705,19.16795921,19.77140808,19.27294159,22.95755196,27.07072449,24.26920891,16.839233204090906,Low
Belgium,1849.91601563,1879.93457031,2084.7199707,2814.88061523,3312.74121094,3405.88500977,3545.92822266,4064.87646484,4653.50585938,4638.43896484,4531.03369141,4930.14111328,4704.47265625,4954.92431641,5080.125,4442.40136719,4542.79492188,4782.64697266,5176.98388672,5049.57714844,5104.02539063,5680.23144531,4146.826582476364,Very High
Benin,14.88457298,16.79668045,17.4725647,21.76790237,25.34852219,25.97800064,27.52271461,27.74564934,29.14166451,30.67226219,30.38452339,32.9503212,34.21852112,34.83580017,33.67948914,28.41767883,29.34768677,29.22344017,34.44770432,29.37922096,30.64243507,35.12914658,28.18120462272727,Low
Burkina Faso,7.36981916,7.52252769,8.51982498,11.43507481,17.09873199,17.50115776,20.64653969,27.04532623,28.90426254,30.68659401,32.8663559,33.8243866,33.78236771,42.40937042,38.37065506,32.44025803,39.64500427,43.07155609,39.00283813,41.07073212,54.17696762,56.95098114,30.197333270454546,Low
Bangladesh,8.6186285,8.41617775,9.37759209,10.3110857,11.10974789,11.61940002,12.37925339,14.41430759,15.99568462,18.20583725,21.15062714,23.28593445,23.89686203,27.40725899,30.29579544,33.53680038,39.55920792,42.27734375,44.74491119,47.66782379,50.66413116,57.93856812,25.585135416363638,Low
Bulgaria,95.0,120.0,148.0,196.0,233.0,268.0,294.0,361.0,456.0,459.0,485.0,556.0,559.0,547.0,605.0,521.0,562.0,625.0,690.0,698.0,857.0,1040.0,471.59090909090907,Low
Bahrain,424.93597412,438.60971069,471.58297729,553.05438232,551.88983154,576.93890381,592.37512207,688.14367676,741.85961914,841.48144531,866.38623047,917.65301514,1030.84655762,1111.21826172,1123.62695313,1134.46166992,1111.42993164,1098.74328613,1049.0612793,1024.39050293,1105.3248291,1146.47277832,845.4766790213636,Moderate
"Bahamas, The",945.44030762,990.3112793,1013.73596191,1053.42016602,1067.91625977,1140.25158691,1242.34899902,1334.71789551,1410.8215332,1396.72705078,1421.59057617,1418.50854492,1492.44909668,1532.22961426,1590.94995117,1558.79882813,1698.39001465,2076.14160156,1898.81311035,1898.85632324,1824.87536621,1961.67785645,1453.1350874468187,High
Bosnia and Herzegovina,106.0,105.0,119.0,168.0,222.0,242.0,282.0,364.0,460.0,410.0,406.0,457.0,444.0,474.0,492.0,430.0,449.0,470.0,528.0,544.0,591.0,692.0,384.3181818181818,Low
Belarus,56.0,71.0,84.0,106.0,137.0,191.0,216.0,271.0,340.0,281.0,333.0,310.0,355.0,444.0,438.0,353.0,291.0,325.0,342.0,390.0,408.0,468.0,282.27272727272725,Low
Belize,138.36383057,163.64501953,173.12641907,175.18499756,176.04594421,180.72239685,195.48561096,232.77416992,256.6998291,242.08943176,242.6184082,251.19102478,246.298172,261.2244873,296.24938965,285.84985352,292.99127197,281.6338501,287.60293579,298.96051025,279.65802002,310.19500732,239.48229911045453,Low
Bolivia,42.95851135,44.91654968,43.48994827,46.37623215,46.29327393,51.6701889,55.93380737,63.45651245,77.74305725,89.26693726,99.99167633,119.23861694,134.63066101,159.08921814,178.20880127,194.92401123,205.92243958,212.87913513,229.22540283,239.17544556,246.19775391,272.95922852,129.75215495727272,Low
Brazil,310.61404419,268.64971924,245.66194153,250.3089447,294.3838501,383.5508728,483.91915894,600.63568115,705.13397217,719.42651367,893.77508545,1028.0847168,953.703125,977.81689453,1013.56842041,782.52294922,795.93798828,937.34289551,863.28173828,850.43286133,704.99536133,761.26776123,673.8642952663637,Moderate
Barbados,616.37762451,635.96447754,683.33959961,802.85565186,938.14080811,960.32305908,1026.78039551,1042.89624023,1136.86572266,1165.37597656,1116.53308105,1166.02197266,1298.25585938,1249.76574707,1179.06518555,1158.39306641,1185.16308594,1186.16967773,1173.62854004,1172.40539551,1238.5871582,1400.43579102,1069.6974598286363,Moderate
Brunei Darussalam,507.38867188,463.81585693,472.29974365,534.14123535,617.52166748,643.33483887,650.22094727,695.64990234,778.06066895,729.1307373,788.50030518,860.07781982,867.06188965,834.30914307,785.590271,732.39416504,681.97344971,639.91967773,753.81182861,674.65161133,650.47821045,693.40557861,684.2608281918182,Moderate
Bhutan,31.09416771,35.96975327,35.96072769,37.33245468,46.10057831,46.69151688,54.01427841,64.43791199,57.31074142,59.43021393,71.98933411,77.32337952,83.64318848,85.9859848,86.81033325,96.52057648,97.18308258,103.39090729,101.69933319,115.32080841,133.70314026,120.43117523,74.65198126772727,Low
Botswana,200.98800659,197.28829956,200.33074951,262.04077148,288.94662476,273.51931763,250.76968384,296.56552124,315.27059937,326.95220947,378.646698,415.58108521,405.96008301,418.32351685,402.45758057,358.22320557,369.84204102,444.55603027,419.6545105,408.89602661,358.90551758,457.46298218,338.6900482190909,Low
Central African Republic,9.8634491,9.26134109,10.61978436,13.00553608,13.72547722,14.66589355,15.91440105,18.94978714,18.67624855,21.82637405,16.40023994,18.9371357,20.60425186,16.78926849,18.02748299,17.71483231,20.25914001,27.64416504,49.17564392,33.9444313,40.11012268,42.92785645,21.32013013090909,Low
Canada,2001.66870117,2055.75952148,2149.37939453,2552.26391602,2916.2512207,3291.22070313,3788.68603516,4221.92871094,4491.22900391,4368.85693359,5083.98193359,5423.05908203,5538.93554688,5483.25585938,5231.73632813,4677.83007813,4667.703125,4920.72851563,5080.32324219,5115.97607422,5668.34765625,6470.06787109,4327.235884234091,Very High
Central Europe and the Baltics,221.224175736256,252.295482867746,298.315614304424,373.184430884647,447.015349847178,523.00554954198,580.296999114868,729.665251390561,927.845319152984,842.69526899739,869.706933127359,921.115989890306,864.227437177729,910.782119856685,931.248385212373,815.75164395152,852.665650806526,939.030372410938,1053.68181948028,1090.03601963322,1182.08647321946,1389.88307405298,773.4436073026096,Moderate
Switzerland,3559.81982422,3763.38452148,4211.72949219,5018.52734375,5608.703125,5673.93994141,5671.98144531,6154.703125,7120.65283203,7297.37988281,7640.44921875,9138.3671875,8753.8203125,9118.18945313,9307.96875,9082.45019531,9078.75878906,9119.96972656,9212.43261719,9341.0625,10085.45605469,10897.45019531,7493.508933327272,Very High
Chile,356.74414063,326.96624756,322.87408447,349.77902222,427.43676758,500.87451172,571.89831543,649.92242432,726.73669434,738.284729,870.70959473,994.66607666,1081.46069336,1183.62084961,1150.06164551,1133.27978516,1179.73364258,1367.71643066,1457.27282715,1369.48400879,1280.63232422,1518.04003906,889.0088570345456,Moderate
China,42.99362183,44.56903839,50.15548325,56.79228973,64.54340363,73.29019928,82.79460144,98.87766266,134.2076416,165.29444885,189.34370422,239.7543335,285.31427002,329.78106689,363.00939941,393.77990723,398.78921509,440.58850098,504.79974365,539.6194458,583.43218994,670.5145874,261.4656706722727,Low
Cote d'Ivoire,54.16062546,54.03316116,57.24786377,64.14105988,67.6804657,62.34985352,60.48682404,64.6838913,75.87518311,72.83110809,71.98825836,72.44979095,74.48454285,71.52493286,79.31149292,62.51667023,66.39353943,68.61872864,70.97071075,73.64801788,85.17427826,81.86914825,68.74727942772728,Low
Cameroon,28.79333305,27.46539497,31.41914558,38.10652161,41.7527771,42.60778809,44.01630783,48.61966705,53.99885559,50.604702,49.50485611,57.71255493,56.3600235,56.61405563,61.80369186,50.31904221,51.2496109,50.27867889,57.7002182,56.18640518,58.0969696,63.78601837,48.95439173863636,Low
"Congo, Dem. Rep.",18.20225716,5.65382099,4.34459352,6.27501249,8.14487171,8.88715935,10.77356529,11.98260307,15.89509487,13.18276978,12.53950882,12.27988434,13.62572193,15.86667633,18.79024887,19.13417244,19.91032028,18.74936485,17.87852287,19.85771751,21.25385666,22.32123756,14.343135485909091,Low
"Congo, Rep.",17.44675827,20.41893959,17.09034348,21.64731407,27.67554474,31.10122681,36.16910553,42.22277832,63.7890892,48.9272995,54.86231995,59.84463501,71.6878891,72.29035187,71.47676086,57.67850113,54.67388153,52.68054199,47.67589569,58.90272522,80.80835724,80.5149231,49.52659919090909,Low
Colombia,134.28443909,138.02864075,131.76092529,129.33969116,159.20832825,209.22647095,239.64555359,309.1078186,378.67913818,383.54962158,452.0512085,501.29830933,546.21148682,579.87963867,586.87640381,468.60543823,447.06994629,495.27026367,517.15844727,500.73138428,462.2328186,557.53948975,378.5343392118182,Low
Comoros,47.50006104,45.25306702,51.05594635,63.81992722,70.50469971,67.78135681,65.70906067,69.87508392,73.73594666,69.42589569,69.0898819,80.95452881,76.77297974,81.4433136,84.27106476,60.86703491,63.14864731,74.52148438,74.43584442,77.80075073,88.67053223,99.03723907,70.71247031590907,Low
Cabo Verde,58.89910889,62.78510284,68.21862793,83.48031616,92.04717255,94.58552551,111.28134918,125.57421875,125.53510284,127.79914856,142.87771606,152.28347778,167.49281311,181.29548645,181.44195557,139.48536682,144.32522583,165.03762817,178.77836609,171.77171326,196.26963806,247.90794373,137.2351365518182,Low
Costa Rica,247.70188904,255.18231201,276.23712158,287.37347412,290.13354492,309.51428223,359.79248047,423.63812256,510.99154663,529.60870361,654.17340088,742.14190674,776.43487549,816.87872314,822.91003418,875.34973145,870.73840332,853.75048828,902.22119141,914.88470459,953.08251953,948.92163086,619.1664130472728,Moderate
Caribbean small states,251.841794591943,246.717866494717,265.022892833066,271.261716399827,309.600512761142,342.946354585486,367.448036744496,426.101403090216,469.743227535052,457.296594900138,482.118590136281,503.823844807622,516.837905663904,533.994407828709,546.500863359973,571.67788750148,570.208994996453,611.881569854339,620.11172604316,643.557691303168,624.617012855939,673.483897164951,468.49067233873006,Low
Cuba,181.14724731,198.5879364,213.95626831,227.69859314,232.50595093,331.98812866,387.44146729,570.31433105,610.09155273,676.22460938,608.96154785,695.99157715,601.42425537,710.793396,864.15557861,985.41900635,984.24865723,980.09216309,973.13745117,1013.10137939,1186.15649414,,630.1636948357142,Moderate
Cyprus,751.0,782.0,890.0,1145.0,1287.0,1366.0,1474.0,1694.0,2155.0,2105.0,2045.0,2115.0,1899.0,1916.0,1874.0,1596.0,1649.0,1773.0,2021.0,2093.0,2362.0,2990.0,1726.4545454545455,Very High
Czechia,342.92108154,388.54403687,497.74203491,640.66040039,746.32891846,852.65246582,942.11804199,1110.17663574,1449.33679199,1442.24279785,1516.04858398,1654.51013184,1515.81604004,1514.01403809,1516.05627441,1314.83728027,1384.66357422,1525.34790039,1753.19897461,1803.05249023,2119.26831055,2498.51660156,1296.7297002613636,High
Germany,2344.41088867,2346.66918945,2567.50292969,3152.79418945,3459.82495117,3558.21337891,3698.04370117,4182.91601563,4669.76025391,4674.91943359,4611.421875,5037.49169922,4765.67871094,5100.15234375,5309.15478516,4627.35791016,4746.87011719,5070.19580078,5511.21435547,5486.98876953,5936.25146484,6626.00488281,4431.083529385909,Very High
Djibouti,35.74236679,33.86995316,39.82229614,46.68310547,40.42881012,45.57660675,53.81796265,55.77771378,56.53337097,57.57979965,56.37421417,62.67469025,65.69985962,61.38714981,66.44046021,80.65351105,69.79541779,65.55883026,64.47797394,62.30675125,62.75099945,87.74766541,57.80452312227274,Low
Dominica,259.646698,231.98364258,227.21820068,243.10256958,253.98324585,263.89520264,271.49783325,293.61825562,336.35327148,354.44778442,370.31329346,388.87130737,408.77490234,387.08288574,394.67294312,398.52124023,421.32177734,404.60903931,484.5222168,442.51159668,420.02459717,482.42965698,351.7910073018182,Low
Denmark,2496.0,2603.0,2896.0,3607.0,4195.0,4443.0,4779.0,5468.0,6138.0,6222.0,6171.0,6438.0,6168.0,6334.0,6467.0,5532.0,5624.0,5834.0,6233.0,6059.0,6442.0,7382.0,5342.318181818182,Very High
Dominican Republic,138.99897766,144.17262268,153.85899353,105.31115723,105.84014893,169.96865845,162.94297791,191.22145081,230.50578308,238.2713623,271.26663208,295.19439697,305.4364624,303.37979126,313.45751953,322.94607544,329.10879517,337.60925293,327.90109253,346.50790405,354.09362793,416.89974976,252.94970148318188,Low
Algeria,62.11769485,67.33850098,66.94760132,76.23547363,93.02433014,101.30373383,117.43313599,151.77920532,207.84881592,208.93501282,230.06391907,288.31332397,336.67266846,333.16027832,361.15942383,292.275177,261.40023804,265.83843994,266.46469116,235.99041748,206.03512573,204.56661987,201.58653762136362,Low
East Asia & Pacific (excluding high income),38.5630409328914,39.7145643601814,44.2779477187918,50.5630654176217,56.8755765828213,65.3191737946668,74.9108929575795,89.5855230526441,117.06168481499,139.088141628916,161.034154769676,201.154563034705,234.533879963632,265.074353948716,288.750424929967,308.664419164574,313.931148303987,344.214907725207,390.167527222729,416.373372954052,448.011551446494,515.73787179419,209.25489938722876,Low
Early-demographic dividend,63.3916793289433,64.4023330618659,58.9110088855459,66.1157912548735,74.6584826902808,85.0347991726708,93.9322610718139,108.914493922558,120.289111849725,120.611942511395,138.334871796526,154.269032413241,160.873066644214,167.204137045604,166.51164348142,164.897187730755,162.870035871866,168.371148588703,167.363891868308,165.97481685514,167.218774684571,190.769707519947,128.6781917386349,Low
East Asia & Pacific,240.547425461329,223.467445330134,225.084345693014,252.527139477453,279.141926723648,293.297122845222,299.054649914686,323.183354313377,376.160087771742,421.609572542239,480.046480475231,589.672260757586,628.568180539981,604.753536078152,619.242215229606,605.82022957198,639.374867840748,671.987062580388,727.411250228723,759.598554663175,792.772733778861,876.015627112137,496.78800313315514,Low
Europe & Central Asia (excluding high income),91.1477790121256,96.3894913247767,114.88522347153,141.749300703888,179.784126829637,226.258395176635,277.582457945604,350.885742091693,436.862992338249,377.405757517228,412.047581523382,468.491565584991,505.629667314423,536.412661796313,497.901522698812,374.990132710998,359.963687192343,403.096740642616,411.04171088183,436.226702201737,491.165773803694,590.259419785297,353.64447420671826,Low
Europe & Central Asia,937.493876189691,965.946711442823,1088.07795490002,1354.45493741281,1571.32365890277,1663.64515685597,1785.63041095472,2049.90067833057,2298.95243744055,2206.61112273181,2192.52348857261,2374.20517496538,2276.97686583751,2378.21987255898,2426.55472138606,2100.39898720592,2092.49420173097,2189.21697999183,2342.27755169237,2331.77293465434,2523.71290303998,2870.09121213897,2000.9309926789392,Very High
Ecuador,48.37698364,71.55696869,97.7811203,132.74375916,150.58769226,168.72697449,190.63995361,194.37643433,232.87501526,245.95539856,288.67254639,342.3848877,389.75610352,416.34295654,435.51330566,466.23751831,450.82925415,470.80328369,494.71490479,484.36807251,471.87576294,494.30838013,306.33760348318185,Low
"Egypt, Arab Rep.",71.03570557,70.36794281,65.58682251,51.60063553,51.60012436,60.99180603,68.03048706,75.12869263,92.32979584,101.21813965,107.41892242,118.69612122,142.75941467,142.59768677,158.20581055,173.5194397,145.2776947,107.98847961,120.22325897,145.31028748,150.90655518,179.68119812,109.11250097181818,Low
Euro area,1731.76763396263,1773.85360805696,1975.28991811948,2475.41075343528,2831.3982838333,2948.50692391146,3116.70747871714,3536.61549065219,3995.23842511878,3929.31984679664,3814.88914648705,4075.64252434495,3801.61158669037,3979.12820817892,4067.47778901443,3496.66150485081,3561.53311882605,3753.00672714098,4042.97762502346,3989.30175072551,4261.99408108328,4787.38991406252,3452.078288137827,Very High
Eritrea,13.1751833,13.99944115,14.81900692,18.62379265,21.77468681,20.60617447,22.31639481,18.39959717,19.69238472,22.65766335,24.43300056,33.27035522,25.96233749,29.52669525,31.54170799,26.82466125,23.64590836,22.35861588,24.02440262,25.98394394,24.70353127,25.36040497,22.895449552272726,Low
Spain,1005.28399658,1045.05065918,1174.5793457,1640.91772461,1924.27087402,2060.3215332,2242.15869141,2606.27783203,2995.18603516,2937.71826172,2789.63720703,2908.91967773,2590.2253418,2629.46679688,2679.4765625,2349.09375,2376.60107422,2524.68481445,2741.38256836,2716.83349609,2899.01879883,3234.29296875,2366.8817277386365,Very High
Estonia,209.97769165,214.70417786,250.48020935,368.97955322,474.50796509,549.63024902,627.18377686,866.49945068,1082.15478516,1006.50708008,966.19024658,1061.1628418,1058.71960449,1194.86206055,1287.76123047,1156.20275879,1226.0859375,1350.12646484,1553.43347168,1599.3503418,1789.03479004,2094.50317383,999.4571755154545,Moderate
Ethiopia,5.31966591,5.54697561,5.19038343,5.76164436,5.79775095,6.55709887,8.53116226,11.78915215,13.22203732,15.36375141,16.40672684,14.83500671,20.28753662,19.53577042,21.90294838,23.53430557,24.67317772,24.51061249,23.84538269,26.22917175,28.69671059,26.47735214,16.091560190454544,Low
European Union,1432.35277019243,1474.97066736184,1651.23877680534,2071.378798221,2374.38071043375,2486.37869298716,2636.24781800468,3008.40101952643,3418.11579033098,3342.05402119897,3270.55598548573,3525.83677658458,3300.52871180537,3462.30178927707,3538.02457925448,3044.85664888036,3106.87037721715,3281.33301852986,3537.57494622609,3493.60306218542,3736.95088318893,4215.43320193993,2973.15404752898,Very High
Fragile and conflict affected situations,23.0976727978829,23.3571788006352,23.2380972417291,30.25472327525,35.2574445007881,41.0775555065011,48.7147914038621,57.6952773707082,66.8857140794568,61.6336396299303,67.126954549053,72.621634092334,75.6548769175033,81.2921076239729,80.3199026542498,72.1620192799674,70.2731494666116,68.7517486344916,73.3223762140029,73.4308338276997,75.167284360249,82.1187888262949,59.24789868423516,Low
Finland,1727.0,1810.0,2059.0,2614.0,3044.0,3237.0,3415.0,3919.0,4486.0,4350.0,4252.0,4718.0,4573.0,4892.0,4923.0,4128.0,4109.0,4236.0,4522.0,4460.0,4736.0,5488.0,3895.3636363636365,Very High
Fiji,75.03528595,62.10351181,70.07132721,86.89743042,111.04244995,121.23509216,127.42844391,141.43360901,135.50376892,121.84300232,128.39637756,141.65603638,154.21617126,159.02124023,178.70599365,169.72981262,176.06861877,185.6439209,249.3664856,253.74330139,231.98277283,250.02554321,151.41591800272727,Low
France,2161.85302734,2192.71557617,2449.75830078,3006.3059082,3458.62744141,3575.02514648,3811.55175781,4312.31054688,4807.37451172,4737.578125,4592.38330078,4931.87792969,4644.59570313,4884.76660156,4980.81494141,4201.78173828,4256.765625,4410.59912109,4666.97998047,4504.48486328,4755.44042969,5380.875,4123.839344371363,Very High
"Micronesia, Fed. Sts.",161.96359253,181.9655304,170.6489563,209.74185181,259.0256958,399.60940552,246.3755188,259.47079468,290.11981201,325.83734131,361.8036499,377.49035645,370.9263916,353.22512817,343.00762939,359.78536987,396.62982178,405.31103516,422.44638062,420.57949829,398.57369995,393.3493042,323.08576202454543,Low
Gabon,123.33141327,121.066185,132.21743774,166.88827515,182.61399841,190.27209473,212.61395264,254.19885254,271.5098877,283.02966309,207.93783569,262.77456665,226.32527161,262.78244019,234.42152405,188.42417908,208.90524292,193.97592163,211.22572327,208.28834534,228.02458191,233.87103271,209.30447387818182,Low
United Kingdom,2020.52832031,2052.34667969,2306.12841797,2784.53955078,3366.34155273,3536.32299805,3857.4855957,4367.53564453,4297.47509766,3914.19580078,3956.38891602,4199.08398438,4242.23486328,4304.47802734,4697.76025391,4433.85839844,4017.34228516,3910.81420898,4226.20507813,4268.67724609,4906.23974609,5738.48486328,3882.021251331818,Very High
Georgia,53.0,57.0,67.0,82.0,107.0,134.0,154.0,199.0,286.0,275.0,290.0,317.0,349.0,358.0,369.0,294.0,321.0,304.0,332.0,309.0,355.0,417.0,246.77272727272728,Low
Ghana,16.27483559,19.207201,19.75684166,23.23123741,25.61305428,39.75449371,45.96789932,54.75652313,61.90890884,61.81399536,71.6121521,95.87026215,83.48946381,104.81430817,78.03632355,77.74266815,64.43041229,74.56986237,82.98774719,93.18772125,87.4445343,100.00096893,62.83960975272728,Low
Guinea,23.00282097,22.04349136,25.15307426,25.93502045,26.76063919,19.94359016,16.35091019,22.80706406,23.25375366,24.00493431,22.8732872,24.42393684,23.99205208,26.22439003,37.0862999,43.94221497,38.91920853,33.02272034,35.30637741,42.68258667,41.6195488,44.68689728,29.274309939090905,Low
"Gambia, The",46.73692703,38.21402359,36.57312012,28.66201591,32.3373642,33.33732224,33.49129486,35.92889786,39.97063065,34.4699173,32.81699753,30.82727623,29.30704689,25.33724403,17.14346313,19.42744446,20.47114944,21.2003746,22.84936142,22.83255005,26.24802017,24.62883568,29.673239881363642,Low
Guinea-Bissau,13.3205328,14.86868,14.40980339,14.86718845,18.48643875,21.1059761,22.80813217,26.1655159,34.93793869,27.59508705,31.5948391,44.70295334,37.72527695,46.01106644,64.91837311,52.38645935,56.52604294,54.74217224,58.78644943,54.0177002,68.04572296,68.81868744,38.4927744,Low
Equatorial Guinea,18.72773552,27.99723434,75.52088928,87.19217682,104.68054199,122.74163055,144.0280304,179.56561279,222.33100891,255.58073425,241.66999817,266.68746948,284.08352661,289.67935181,294.76089478,229.11935425,229.76306152,231.0456543,248.69200134,231.83953857,246.76673889,255.56524658,194.91083777954546,Low
Greece,885.41052246,1004.81542969,1168.82409668,1566.40979004,1782.69592285,1935.26757813,2052.87548828,2426.75952148,2840.50854492,2809.05957031,2564.36938477,2338.91503906,1948.24853516,1832.02966309,1700.49438477,1481.41967773,1513.25915527,1509.7845459,1603.07788086,1569.02905273,1675.11706543,1845.77563477,1820.6430220172726,Very High
Grenada,259.3835144,271.16744995,308.3371582,287.2850647,293.60290527,324.55722046,321.82662964,355.66372681,395.50680542,370.04714966,366.41027832,393.21112061,401.84506226,405.39501953,368.81384277,389.39382935,392.77981567,433.48513794,438.918396,487.60290527,469.00775146,505.40463257,374.5293371027272,Low
Guatemala,83.3463974,99.68914795,107.24440002,112.98001099,121.73466492,131.9634552,148.54319763,158.37693787,175.1161499,168.85533142,174.79473877,190.7144928,200.33554077,198.33766174,216.79504395,233.41566467,246.11730957,265.18399048,265.74734497,278.54898071,289.1265564,340.95812988,191.26932490954547,Low
Guyana,62.85141754,60.46850204,65.32598114,68.42656708,74.88806915,85.49252319,98.42082214,125.84896088,138.78439331,150.38439941,162.99217224,186.59481812,202.51856995,212.02635193,216.9332428,228.02095032,237.30305481,268.69104004,298.95074463,317.6022644,377.86999512,470.56878662,186.8619830390909,Low
High income,2394.32263729696,2478.24463450445,2681.1050640976,3047.80449593281,3352.62822531281,3534.17823147715,3726.52962571491,4039.56932249747,4327.84741608234,4389.5952468205,4530.62632498835,4870.363060108,4881.66415279099,4906.08928844255,5054.01144100715,4882.6109393346,5039.89967972576,5212.09150472738,5469.29540048481,5576.83298868984,6052.45900594187,6448.5524476584,4404.378233347123,Very High
Honduras,67.67149353,66.35316467,69.90351105,78.74036407,82.34390259,96.74766541,110.83789063,126.1158905,147.41615295,158.53948975,163.53704834,180.58157349,182.42372131,175.01651001,171.30480957,168.92593384,176.97311401,168.39216614,177.64666748,184.03918457,212.6973114,253.91804504,146.369345925,Low
Heavily indebted poor countries (HIPC),16.9466751036922,16.230328415599,17.1882405840886,19.7094941113553,22.5155343652467,25.6198772016305,29.6074640052732,34.2068478362245,38.6457448900408,39.1895505716857,40.5734212046841,44.533163964809,45.1833117366357,49.0367464095024,49.4928127403487,46.9278767003348,46.3848648881758,45.9498453540601,45.7665665507507,47.0442763459171,48.0128014130059,51.8647973971638,37.30137462682839,Low
Croatia,371.0,388.0,386.0,512.0,635.0,727.0,816.0,1041.0,1259.0,1188.0,1126.0,1132.0,1030.0,890.0,909.0,796.0,841.0,903.0,1025.0,1040.0,1095.0,1384.0,886.0909090909091,Moderate
Haiti,30.15130806,27.21361732,22.22666931,18.49892044,23.90322304,25.11820602,28.96251106,37.40650558,40.25810623,41.22427368,55.5110321,76.81674194,74.79749298,59.15798187,64.86157227,68.24273682,59.83052063,53.5790062,62.01782608,49.08563995,44.17983627,57.87849426,46.405555550454544,Low
Hungary,313.0,360.0,473.0,683.0,798.0,895.0,893.0,1003.0,1117.0,944.0,983.0,1063.0,961.0,991.0,1006.0,871.0,914.0,985.0,1080.0,1054.0,1173.0,1382.0,906.4545454545455,Moderate
IBRD only,76.0149587365646,76.9450258742933,76.0343172529297,84.8241297162516,98.648039515659,116.306348980373,134.258412911806,162.427649245349,196.058524913213,200.047772130416,230.86047894919,268.205682921356,285.440811663151,305.569062392639,312.459176683458,297.518461481292,295.789603685062,324.295379215443,341.818063650839,351.859450886307,360.419122849185,413.376633941069,227.68986852708392,Low
IDA & IBRD total,63.3882447317976,63.8882357648517,63.0403356103547,70.6478608646664,81.8200581044826,96.1491705858246,110.882436520585,133.233855940199,159.863692651155,162.429491138418,185.977308167809,214.722215043824,227.812287661926,244.304692740259,249.513689581807,237.296036979208,235.869249725473,256.069270737767,268.701789419486,275.747836360598,281.656540059518,321.433355250651,182.0203478927573,Low
IDA total,16.7746934699579,16.3254029195158,17.1760119527199,20.9939634568685,23.6325818725752,27.3404308124208,32.1423021893773,36.2274004997188,41.1469774791209,40.6357976257022,43.9563130487257,47.6819084905317,50.1680768767748,54.6791219461155,56.9609233672227,55.2496445357262,53.5441829013517,52.5076920383816,52.0383199925269,53.3365929254397,54.9801388183699,61.1621070221896,41.30275382915152,Low
IDA blend,19.0641095560129,18.1216143066433,18.46130811207,26.1528316142136,29.1428919348565,34.9970146441403,42.8384938352681,46.5824085113537,51.583834162095,47.2581656128864,53.1666927282597,57.6489824514603,62.8928120217282,69.0419240114349,72.6151156961871,69.1429680330491,64.2413691028317,61.5110922618444,59.4543666506299,59.6421056783399,61.6443901504969,72.2450924257876,49.88407197734498,Low
Indonesia,15.53566933,17.0277462,19.14863396,25.73569489,26.21132469,34.40548706,44.80917358,56.52228165,59.79582214,62.98189545,86.36213684,108.03186035,106.90163422,103.37931824,103.05883789,97.16175842,107.52870941,111.51396179,111.91187286,119.4984436,133.25634766,160.64176941,77.79183543818182,Low
IDA only,15.614040452934,15.4106627598977,16.5382717093247,18.4297262119404,20.8915564020007,23.5292515481085,26.8165691289527,31.0660093545811,35.9329865360874,37.3185017484845,39.1993543558003,42.5256974000654,43.5860545848821,47.0847580883675,48.7074836526181,47.9506050167602,47.7848329450495,47.7303882178607,48.1139202363677,50.0080706712542,51.4700835972649,55.3362276056426,36.86568419201114,Low
India,18.0,20.0,20.0,22.0,25.0,27.0,29.0,36.0,38.0,38.0,45.0,48.0,49.0,56.0,57.0,58.0,60.0,57.0,58.0,61.0,64.0,74.0,43.63636363636363,Low
Ireland,1564.83740234,1823.73474121,2200.35742188,2910.93212891,3483.16064453,3938.19116211,4147.13232422,4858.64501953,5638.77929688,5502.88769531,5133.45507813,5545.76416016,5210.36376953,5313.70947266,5316.26953125,4575.94482422,4726.31298828,5010.25634766,5187.05761719,5462.73095703,6098.26660156,6764.25878906,4564.229453347728,Very High
"Iran, Islamic Rep.",80.95653534,94.31704712,105.70446014,116.90391541,142.1769104,173.79692078,197.78089905,245.00897217,297.50875854,364.43450928,436.1362915,518.84020996,513.45483398,408.33044434,375.28466797,384.25985718,447.13925171,466.99432373,478.39190674,378.47418213,338.24972534,392.54144287,316.2130029854545,Low
Iraq,,,,26.71866798,51.29241562,52.51676941,56.19692612,99.6492157,138.10931396,139.05555725,143.52603149,160.81466675,173.40316772,185.73556519,178.0239563,148.30059814,198.70619202,195.82373047,231.00331116,239.57891846,245.48046875,248.92311096,153.30834649736843,Low
Iceland,2854.0,2527.0,3045.0,3837.0,4411.0,5076.0,4915.0,5800.0,4747.0,3621.0,3612.0,3911.0,3760.0,4069.0,4488.0,4270.0,5016.0,5945.0,6234.0,5865.0,5652.0,6716.0,4562.318181818182,Very High
Israel,1472.0,1515.0,1362.0,1390.0,1443.0,1512.0,1558.0,1773.0,2129.0,2036.0,2240.0,2446.0,2410.0,2681.0,2816.0,2661.0,2801.0,3094.0,3220.0,3354.0,3637.0,4339.0,2358.590909090909,Very High
Italy,1524.0,1587.0,1763.0,2163.0,2566.0,2678.0,2833.0,3093.0,3504.0,3338.0,3218.0,3392.0,3086.0,3149.0,3154.0,2676.0,2700.0,2810.0,3003.0,2911.0,3062.0,3350.0,2798.181818181818,Very High
Jamaica,194.58740234,180.59217834,174.81672668,150.11889648,183.49156189,190.9417572,186.64355469,252.11283875,283.72842407,229.13014221,256.0642395,275.53924561,262.09881592,254.84234619,257.84634399,285.59729004,286.34521484,324.22451782,333.87869263,343.06192017,324.48321533,372.4513855,254.6634868268182,Low
Jordan,161.23510742,171.82507324,175.38461304,172.24946594,186.10636902,196.46897888,199.64881897,219.40531921,289.98577881,333.80767822,319.84109497,338.34609985,342.94042969,320.86730957,306.806427,303.23452759,279.29806519,289.57980347,289.53860474,294.18927002,284.53439331,299.07235718,262.47116296954545,Low
Japan,2756.0,2492.0,2416.0,2654.0,2888.0,2895.0,2766.0,2783.0,3225.0,3699.0,4074.0,5107.0,5235.0,4358.0,4122.0,3755.0,4200.0,4148.0,4288.0,4463.0,4436.0,4347.0,3686.681818181818,Very High
Kazakhstan,50.0,50.0,58.0,74.0,111.0,142.0,174.0,177.0,251.0,246.0,244.0,297.0,369.0,363.0,374.0,314.0,260.0,278.0,273.0,270.0,338.0,403.0,232.54545454545453,Low
Kenya,21.40411377,22.14061928,22.33303261,25.71190262,27.75096512,31.13827515,41.07886505,50.38684845,55.4166069,55.28591537,58.93074799,57.18780136,64.72195435,67.89151001,73.19489288,71.3065033,74.26567078,66.80448151,75.6592865,86.06783295,86.67868805,94.67254639,55.91041183590907,Low
Kyrgyz Republic,12.0,13.0,15.0,22.0,27.0,35.0,45.0,50.0,63.0,60.0,61.0,79.0,100.0,105.0,95.0,81.0,73.0,78.0,67.0,63.0,64.0,73.0,58.22727272727273,Low
Cambodia,19.78130531,22.66413116,24.67282104,25.30601883,29.03012466,32.52131653,33.02656555,30.92131042,49.00638199,55.72327423,54.09758377,66.05435944,69.01600647,72.11994934,73.5883255,72.51950836,78.35865784,79.16844177,93.01556396,114.48534393,112.21422577,122.41645813,60.4412579090909,Low
Kiribati,65.0,86.0,93.0,102.0,132.0,132.0,127.0,148.0,191.0,169.0,134.0,143.0,147.0,155.0,156.0,118.0,158.0,179.0,208.0,177.0,239.0,262.0,150.95454545454547,Low
St. Kitts and Nevis,444.56890869,438.06173706,462.62939453,480.22979736,488.82836914,553.5333252,684.95202637,703.309021,875.10992432,865.84637451,856.67333984,907.03131104,867.37713623,924.61462402,947.63323975,1026.50805664,1144.53564453,1167.66101074,1103.17370605,1204.34094238,1050.64367676,1114.37426758,832.3470833518181,Moderate
"Korea, Rep.",475.02932739,500.08016968,531.89007568,633.09393311,708.57940674,887.69561768,1062.19836426,1204.76379395,1137.20910645,1099.13916016,1363.56091309,1507.55664063,1553.32824707,1682.76391602,1880.4420166,1894.34753418,2008.0982666,2220.56420898,2501.13964844,2605.9934082,2648.22412109,3260.44873047,1516.643027566818,High
Kuwait,429.56253052,558.32427979,581.97772217,628.84716797,650.58306885,727.70440674,782.64221191,881.10369873,1069.66259766,1025.8807373,1050.42126465,1143.13793945,1196.20715332,1188.28283691,1260.87524414,1235.61889648,1278.63244629,1361.48278809,1660.9864502,1643.56970215,1542.32263184,1860.78369141,1079.936793935,Moderate
Latin America & Caribbean (excluding high income),275.642691037403,268.542071470888,230.184218736087,240.931124727587,273.020538923008,331.170278835747,386.597673311075,462.533786350282,531.528849205559,526.120319730023,625.231593303502,711.226038808753,706.223408131246,735.54243165692,741.082530078594,655.883608025645,623.949659152928,704.754002367931,664.213246467449,648.726308801227,584.645260425361,637.778342879324,525.7058173830245,Moderate
Lao PDR,14.10407162,14.47130299,12.91643047,17.61871719,16.27066612,17.37983894,19.28023911,24.81284904,26.80659485,35.78236008,34.58347702,27.16216469,32.51623917,43.56784058,45.61304092,52.15144348,54.51382828,61.60005188,57.35622025,67.81835938,52.15844727,68.87698364,36.24368940772728,Low
Lebanon,426.55792236,417.78192139,393.22479248,375.07540894,369.98364258,349.50186157,404.09649658,441.85903931,465.74645996,501.01275635,572.42016602,647.17022705,595.36676025,583.47650146,576.65460205,578.64581299,647.56518555,677.37438965,744.6105957,782.2052002,522.42010498,307.13485718,517.2674865727273,Moderate
Liberia,8.5820322,6.90986061,7.02600765,6.16011524,18.20792198,20.64465714,19.4780159,16.01202202,26.55882072,52.30115128,50.63946533,54.34541321,50.35652542,48.74785614,59.98974228,70.18363953,68.4992981,72.50897217,69.10813904,52.02645493,101.29130554,112.27044678,45.083993782272735,Low
Libya,254.31530762,261.96295166,185.19685364,192.35475159,202.57089233,210.62667847,231.38442993,269.94934082,312.46572876,342.55401611,380.92901611,312.84854126,,,,,,,,,,,263.09654235833335,Low
St. Lucia,284.25857544,284.41531372,299.50595093,317.13778687,309.42208862,333.50274658,390.34298706,440.22259521,430.82156372,432.54858398,438.16619873,462.86682129,454.56057739,481.91772461,462.74438477,464.57443237,470.37518311,492.83010864,484.15499878,491.40679932,574.37976074,584.67047119,426.5829842304545,Low
Latin America & Caribbean,281.439575638528,273.635472774886,235.689335193881,246.54020584765,279.91783878139,338.108632813027,393.873969286596,469.985157247262,539.952832684867,535.585028095342,635.7491381627,723.091460466269,722.125665616897,754.830092732847,759.804874615752,678.296092857736,650.2161485082,734.899141882317,674.937069085722,657.664663855302,597.960558487731,656.299432787013,538.2091994282689,Moderate
Least developed countries: UN classification,11.647480256706,11.6939078500881,12.7370363860659,14.6407218731575,17.1875322235256,19.445684945216,22.8357547568536,26.9617568866938,31.6583026167341,32.5575233225279,33.451450970813,36.8981425875878,38.6157677965053,42.3754828467441,44.4134747282678,43.2160897118499,42.7214612327677,43.0457050077672,42.0324840584551,43.0470466370102,43.9588234794704,47.1279036200583,31.921342445221157,Low
Low income,14.253536868942,12.9210892231934,13.9503321049655,15.7236710180339,18.2390500121074,21.0474078421369,24.830496360278,29.9669590756333,34.0740844636509,35.0433874903262,35.5502491197293,36.4400303568708,36.8189946588919,39.1502423467799,40.8681980846979,38.8362912165392,36.8403376615423,34.7203417017053,32.5322423750511,33.3698196647593,35.339479037683,36.5002865581954,29.86438760189604,Low
Sri Lanka,44.0,41.0,43.0,42.0,51.0,57.0,65.0,73.0,92.0,99.0,106.0,116.0,111.0,135.0,135.0,147.0,149.0,146.0,159.0,160.0,158.0,166.0,104.31818181818181,Low
Lower middle income,25.0203589807287,26.7261079373176,27.2334069509884,30.6327575420667,34.8737109595507,39.9009605489109,45.3293029244527,53.8310643612099,61.636022383721,63.0422952810544,71.8357436179717,80.4978379127671,84.7623189216881,87.5474376444936,88.0339660207611,86.7364258698688,87.7947935452814,86.9505990395489,89.3486277680975,89.9678422660151,90.7020149125333,104.35693619489,66.21638779926899,Low
Low & middle income,60.4325372206,60.7262851447797,59.7714569815766,67.0504566722284,77.4847191454521,91.140710166158,105.345898756434,126.479432131426,151.076468481472,155.054584525324,177.964407163896,206.594743489353,219.882752598459,235.766008939151,241.195004715149,230.108234230516,228.254716727415,247.180475293064,259.229448865189,266.550092261881,272.806076562172,309.506498679873,174.9818640341622,Low
Lesotho,23.77390099,28.24092102,23.1813736,31.89407539,40.89277649,41.15412903,48.88100433,64.80230713,68.08209991,79.68589783,87.4557724,117.34723663,124.85530853,130.44207764,120.47213745,104.40470886,90.88587189,115.20778656,130.57113647,130.44073486,96.7264328,114.70881653,82.45938665181818,Low
Late-demographic dividend,88.4821369408957,89.3105137544558,94.9239590072391,105.95439392526,124.504678227185,149.290061180762,176.659573248936,217.796687448802,275.343813511107,286.776983437593,327.055917682063,387.517687768141,415.591416747326,454.890042741366,477.288133393409,449.487943539683,453.387279922227,508.312373296371,552.381907833897,578.324026277574,600.861826866265,688.24178812336,341.0174156760872,Low
Lithuania,217.0,219.0,254.0,339.0,367.0,439.0,536.0,704.0,937.0,865.0,805.0,925.0,897.0,959.0,1021.0,920.0,989.0,1083.0,1249.0,1370.0,1520.0,1859.0,839.7272727272727,Moderate
Luxembourg,2901.0,3109.0,3601.0,4607.0,5610.0,5818.0,6071.0,6671.0,7579.0,7671.0,7460.0,7175.0,6029.0,6357.0,6547.0,5422.0,5475.0,5713.0,6227.0,6222.0,6786.0,7636.0,5940.318181818182,Very High
Latvia,182.0,205.0,237.0,281.0,393.0,441.0,552.0,775.0,914.0,745.0,689.0,765.0,746.0,807.0,857.0,776.0,875.0,933.0,1101.0,1183.0,1313.0,1898.0,757.6363636363636,Moderate
Morocco,54.38904953,56.32826996,63.35457993,77.51076508,90.9294281,96.96191406,110.00260162,131.66958618,153.10005188,165.44444275,168.37710571,179.04853821,172.05938721,179.73484802,188.40020752,162.5098114,161.82783508,166.4662323,175.27603149,177.24557495,193.10235596,221.11485291,142.94788499318182,Low
Monaco,2967.42626953,3048.08984375,3363.35449219,4830.65576172,5683.69921875,5888.78759766,6149.09716797,7028.4375,8300.90625,8147.86816406,8013.04589844,8302.91699219,7871.21240234,8460.78710938,8682.36914063,7347.91699219,7189.65771484,7219.59179688,7848.35644531,7730.60351563,7812.28759766,8634.25976563,6841.878528943183,Very High
Moldova,21.0,25.0,34.0,38.0,65.0,79.0,100.0,135.0,186.0,209.0,198.0,215.0,224.0,232.0,231.0,186.0,171.0,244.0,276.0,284.0,307.0,410.0,175.9090909090909,Low
Madagascar,11.3951807,13.39314079,15.31476879,17.98666191,14.57165813,16.26181221,16.76423645,19.71751213,21.33732986,19.96823883,21.57974052,23.37224197,19.71853828,19.75903702,23.07670021,22.81040573,24.77560616,24.17928314,21.67276382,15.88729572,17.21605492,17.64008904,19.018104378636362,Low
Maldives,219.0,229.0,249.0,240.0,304.0,334.0,403.0,477.0,774.0,678.0,608.0,587.0,646.0,671.0,702.0,823.0,993.0,933.0,805.0,852.0,826.0,1039.0,608.7272727272727,Moderate
Middle East & North Africa,144.149229481629,150.743057855326,149.39183645489,145.885245165859,160.783435889139,179.829664062673,201.070355611233,235.047771212656,279.44841318364,304.457930545869,331.073400623519,379.013957122025,399.735917233925,418.375192662376,439.300085338991,421.902395195705,465.487351904535,471.889058176182,495.403130142294,484.290415381236,489.611357945878,537.059846230933,331.0885930645687,Low
Mexico,321.80123901,366.98071289,388.02792358,414.04000854,448.06021118,485.67388916,516.06396484,560.4942627,576.71539307,496.8142395,539.26550293,570.73046875,587.82843018,631.21350098,615.10314941,558.1651001,492.87399292,514.88970947,530.64782715,552.70422363,538.51751709,610.64532471,514.4207541722727,Moderate
Marshall Islands,370.73709106,332.20077515,311.0274353,306.87591553,381.62234497,509.71066284,532.66162109,445.58428955,429.44372559,406.94772339,417.30136108,424.91506958,452.06713867,485.22167969,476.77374268,571.25274658,654.56994629,646.29205322,736.77416992,782.23565674,707.47979736,766.9440918,506.7563199127273,Moderate
Middle income,63.698913950308,64.1581570010289,63.3168182219832,71.0729629233633,82.2064399189009,96.8237067915308,111.999085236207,134.607337319994,161.107045872363,165.527440069276,190.578909204358,221.925214569253,236.659731029391,253.252901379503,259.328477698273,247.727174964338,245.20927750145,266.753760883168,280.487460536567,288.823166431019,295.930639523018,336.669337300528,188.0847253784464,Low
North Macedonia,164.0,151.0,174.0,215.0,232.0,231.0,244.0,263.0,311.0,294.0,302.0,326.0,307.0,346.0,339.0,303.0,323.0,345.0,387.0,421.0,453.0,560.0,304.1363636363636,Low
Mali,14.40365124,13.53196239,16.34092712,19.29068756,22.3169117,24.62482452,27.65656662,30.42856026,34.10325623,35.57579422,32.20446396,32.52751923,28.26848984,30.89883041,36.67969894,29.7465477,28.3053112,29.23488998,31.96352005,32.17400742,28.85294724,40.1202507,28.14770993318182,Low
Malta,647.0,686.0,831.0,1074.0,1224.0,1380.0,1474.0,1596.0,1751.0,1677.0,1734.0,1960.0,1899.0,2121.0,2456.0,2243.0,2321.0,2552.0,2754.0,2944.0,3135.0,3642.0,1913.6818181818182,Very High
Myanmar,4.0,5.0,7.0,7.0,7.0,8.0,8.0,10.0,15.0,19.0,20.0,27.0,37.0,37.0,54.0,63.0,59.0,59.0,60.0,62.0,72.0,65.0,32.04545454545455,Low
Middle East & North Africa (excluding high income),79.0332122864319,83.7452697533663,84.8561020656423,81.8275795329753,94.0696916676439,105.641570534756,118.345676189308,143.906066878617,176.247901139548,196.61179625515,218.591633571611,247.786315129999,256.198097711085,246.259670488498,246.17237624536,236.724192971302,261.646205450475,255.720092682139,267.905547480183,247.81520459958,234.274702867681,257.388655746382,188.2167073294424,Low
Montenegro,,,,,,,,,,,,572.0,536.0,596.0,579.0,577.0,596.0,612.0,727.0,732.0,866.0,985.0,670.7272727272727,Moderate
Mongolia,26.41833878,25.91971779,29.04701042,26.00562286,32.62977219,37.02750015,49.59525681,66.23542023,97.28814697,76.66015625,99.48032379,136.04824829,169.84095764,180.84199524,177.31834412,165.84915161,169.03985596,160.92108154,188.86265564,197.55195618,188.57124329,315.57980347,118.94238905545454,Low
Mozambique,6.96425152,8.52990627,9.95218277,11.15465164,14.22916508,18.49229622,18.09505653,19.3034668,24.26328468,27.63411713,26.17583847,30.28253746,35.03115845,41.17826843,43.08488846,39.91206741,31.38208961,36.26471329,40.8117218,40.41284943,34.37060928,44.52215576,27.365785295000002,Low
Mauritania,22.3067379,22.58142662,25.20564651,28.68665123,30.64061928,33.17791367,34.37842178,39.64344025,48.52267838,44.13393021,43.3949852,47.4840889,49.02023697,55.34606934,59.37288666,57.40904617,48.89683914,54.19649506,55.62037659,60.7460022,63.2988472,89.28845215,46.061445064090904,Low
Mauritius,115.9647522,116.41130829,132.39851379,157.65351868,184.65751648,192.0113678,203.08328247,229.03910828,312.62826538,301.46151733,357.00109863,385.77191162,387.2303772,440.10235596,544.39526367,515.37243652,539.51226807,594.62731934,641.56152344,670.97399902,569.434021,564.90075684,370.73602190954546,Low
Malawi,8.91786003,7.48628187,11.26511002,12.41096115,16.05879211,17.35436821,21.07893753,25.1716423,32.93960953,35.80582047,34.2412796,39.60096741,32.80570221,39.87806702,35.64556885,35.27587891,34.32816696,37.93450165,36.97562408,41.78248596,42.5414238,46.55551147,29.366116415454545,Low
Malaysia,111.94893646,114.83911896,121.4125824,141.86820984,153.39851379,161.62957764,199.85577393,229.75820923,262.77999878,244.83892822,285.02639771,343.19876099,371.79330444,382.19186401,415.65353394,370.71954346,353.64028931,370.71844482,416.32000732,427.46286011,414.96350098,487.00881958,290.04668981454546,Low
North America,4285.4593437591,4603.83170030044,4994.3318448982,5398.13356942897,5739.81050073883,6097.94495184697,6484.9077685615,6845.95080289455,7065.95531923816,7283.2627408178,7560.76743810939,7763.63999817679,8001.96598428289,8138.91730229062,8468.24284946039,8791.07110861551,9104.04412861528,9399.39541543683,9750.86374899046,10088.8863861788,11132.0246065015,11440.0514180454,7656.339042144926,Very High
Namibia,200.05258179,185.71792603,173.69114685,257.41162109,347.8963623,375.39160156,410.32162476,465.08157349,413.3742981,386.20196533,522.15911865,569.14294434,557.58959961,495.19512939,466.1987915,495.62979126,430.21606445,475.58203125,472.99014282,432.14578247,378.42468262,456.43600464,407.5841265590909,Low
Niger,8.95671749,9.59174156,10.75085354,12.44939899,13.95743465,18.53794861,19.78735733,20.83684349,24.71139526,24.40502357,23.33815765,24.68768311,22.56604767,24.43749619,24.89271736,25.72568893,22.42886543,28.69141388,30.08619118,31.21994209,34.85019302,34.34204865,22.329598165909093,Low
Nigeria,17.65198708,18.48871803,18.06385422,39.0772438,44.16435242,53.92662048,65.7237854,69.15039063,80.09986115,68.00685883,75.58924866,83.10647583,91.06047821,100.81700897,106.11964417,96.28328705,78.23602295,72.77430725,65.70272064,69.68148041,69.76184845,83.84061432,66.69667313409091,Low
Nicaragua,52.24892807,56.52495956,56.94697189,60.82196045,65.1476593,72.13689423,77.76139832,92.0919342,107.06826019,110.52922058,115.32395172,122.53475952,130.77900696,137.09841919,152.6446991,161.27700806,167.37036133,177.15000916,168.44512939,161.98634338,161.19981384,198.07792664,118.41661886727273,Low
Netherlands,2028.0,2176.0,2545.0,3244.0,3689.0,3823.0,4080.0,4696.0,5382.0,5283.0,5192.0,5562.0,5285.0,5533.0,5602.0,4677.0,4644.0,4935.0,5331.0,5341.0,5858.0,6539.0,4611.136363636364,Very High
Norway,2949.0,3099.0,3890.0,4633.0,5097.0,5585.0,5893.0,6896.0,7768.0,7302.0,7860.0,8900.0,8970.0,9241.0,9118.0,7566.0,7497.0,7816.0,8272.0,8007.0,7825.0,9163.0,6970.318181818182,Very High
Nepal,8.0,10.0,10.0,11.0,13.0,14.0,14.0,17.0,19.0,21.0,30.0,34.0,34.0,35.0,42.0,47.0,47.0,49.0,50.0,53.0,58.0,65.0,30.954545454545453,Low
Nauru,454.43609619,341.18649292,291.11621094,266.06005859,210.49307251,320.3678894,354.24862671,572.72601318,791.19970703,563.16577148,614.13409424,659.43389893,859.04864502,818.11560059,746.35699463,959.48846436,957.28594971,1092.87634277,1175.68676758,1158.77087402,1318.16503906,1529.51916504,729.7218988590909,Moderate
New Zealand,1054.91210938,1054.32800293,1250.92895508,1611.79040527,1983.18701172,2296.60766602,2305.14648438,2706.79956055,2851.11914063,2713.81420898,3233.77856445,3656.73071289,3856.1730957,4014.97460938,4192.74365234,3600.95629883,3739.40136719,3903.68041992,3957.86083984,4085.78808594,4223.22167969,4906.07080078,3054.5460759950006,Very High
OECD members,2150.96625708901,2223.82625341394,2403.96854037636,2728.38110671631,3000.09516737608,3163.52802122368,3336.68565634098,3621.68502491728,3879.87433549211,3924.54681458046,4054.77826337435,4350.21844513426,4356.93806520732,4376.55247009597,4495.3611649924,4330.85242046865,4457.84856400518,4604.10819581755,4820.20612742883,4909.40775990082,5312.67730439621,5653.04936226914,3916.1616054825863,Very High
Oman,254.94284058,252.54681396,266.52600098,282.28857422,298.48162842,319.71044922,335.85211182,391.79608154,462.29165649,507.65176392,558.36657715,540.3850708,562.94659424,590.36437988,725.40899658,765.78533936,713.32019043,703.93798828,639.32489014,728.25482178,855.29675293,852.62341309,527.6410425368182,Moderate
Other small states,216.50700682165,217.167868170108,241.0314826452,305.351926019447,354.009489329714,386.451470270045,408.725508497852,473.710258911099,514.88866554688,501.081975873573,515.095886224402,564.050103273384,569.160019106605,614.052321352022,647.394726845661,635.164772267689,623.877276135171,648.377983734629,680.628105978511,682.128433337897,689.357948527439,761.449544702641,511.348307889619,Moderate
Pakistan,15.1975832,13.20521545,14.74764633,14.1153574,15.29145527,19.3823719,24.65777779,26.51110458,24.8097496,23.66425133,24.20984077,25.67299652,26.2887764,28.99807739,33.04523849,35.0121994,37.59899521,43.41279984,41.40914154,37.22461319,38.17708206,43.09069443,27.532862185909092,Low
Panama,301.52563477,297.57672119,309.41253662,304.23956299,345.24090576,323.75082397,371.33950806,472.89538574,507.56384277,551.58728027,608.2467041,665.84649658,725.86376953,806.58551025,920.07659912,982.79394531,1057.40661621,1127.68896484,1228.07336426,1340.13781738,1358.09069824,1415.24499512,728.2358037763637,Moderate
Peru,83.4623642,89.19979858,97.49507904,97.19953156,105.008255,123.05088806,135.87088013,158.16543579,190.84877014,208.39193726,240.25761414,262.96740723,307.31854248,320.3164978,331.78091431,310.26644897,311.43518066,333.11575317,363.42483521,366.56491089,388.48730469,412.20855713,238.0380412018182,Low
Philippines,33.0,28.0,27.0,32.0,34.0,47.0,55.0,65.0,77.0,79.0,91.0,98.0,112.0,122.0,109.0,116.0,120.0,122.0,126.0,142.0,166.0,203.0,91.0909090909091,Low
Palau,656.8114624,625.20605469,658.49371338,698.8324585,827.0947876,871.56884766,931.168396,992.5022583,979.43048096,1007.31188965,1153.06066895,1161.53039551,1377.39135742,1520.32055664,1675.82617188,1809.50012207,1977.63830566,2036.63085938,2072.97583008,2102.07470703,2058.66162109,2045.29748535,1329.0603831909089,High
Papua New Guinea,18.93960762,18.29377747,20.66277122,22.10498047,25.87848282,27.65415382,30.21553993,33.38858795,34.91187286,36.77980042,39.60604477,52.84900284,70.75683594,77.2843399,89.70458221,45.50782776,54.36591339,55.63466263,59.45320129,60.31322479,56.30739212,61.41452789,45.09214227772728,Low
Poland,238.0,283.0,316.0,339.0,392.0,466.0,524.0,661.0,893.0,760.0,809.0,866.0,815.0,878.0,911.0,804.0,816.0,910.0,979.0,1014.0,1026.0,1159.0,720.8636363636364,Moderate
Pre-demographic dividend,17.1977996158768,17.2289224931216,18.1394620663017,25.3954286682102,30.4231049167368,34.718121625881,41.2278781710129,47.8084958086909,56.3517001447924,53.0808821732967,54.6685373951095,59.8171400764046,62.7015444270814,69.1886135759845,70.5555478257982,63.3936484528859,61.040142731863,58.8635810537692,57.7106772543133,59.3521867752711,59.8058331339053,65.4549133095429,49.278370986174984,Low
Portugal,995.0,1016.0,1139.0,1443.0,1724.0,1814.0,1858.0,2113.0,2392.0,2347.0,2259.0,2256.0,1980.0,2031.0,2060.0,1791.0,1875.0,1998.0,2216.0,2222.0,2346.0,2747.0,1937.3636363636363,Very High
Paraguay,104.0227356,91.42378998,64.76425171,70.50261688,87.64266968,94.68041992,121.79750824,160.36560059,219.66795349,216.58901978,257.05856323,336.1187439,367.14849854,390.28686523,439.34469604,392.22418213,384.44702148,405.53366089,421.08627319,415.88879395,410.887146,478.70828247,269.55405876909094,Low
Pacific island small states,85.0878522641957,81.7559708479349,89.6364516092945,95.3690834387425,118.047189637296,140.018223380616,138.566517792185,145.782762892291,148.052681209462,143.387232859333,148.348884692497,163.108439592412,173.337200574851,179.151785445259,187.644321642363,181.458909492536,187.952073527611,193.435775677504,219.609383344635,227.444324250697,223.019945506967,236.261909007525,159.3853144857367,Low
Post-demographic dividend,2475.65475015609,2564.89636996132,2780.40200367572,3165.10869201467,3483.10338605893,3672.65743745838,3877.16543489022,4204.45263274298,4501.2227198322,4579.51539043803,4733.24151715933,5092.67670332304,5109.9278041348,5129.95209908004,5285.13393497102,5116.04990190266,5284.28505663808,5463.81575193088,5737.6567474417,5858.38862754375,6370.83387540517,6836.05297442862,4605.554264144892,Very High
Qatar,552.27423096,597.93695068,667.00244141,1109.72570801,1254.14208984,1347.96057129,1321.56274414,1276.88183594,1277.08239746,1305.49035645,1306.5255127,1487.85217285,1713.98034668,2027.0144043,2256.38867188,2435.44506836,2075.41918945,1908.39660645,1962.58374023,2012.22570801,1997.78820801,1934.0802002,1537.6254161499999,High
Romania,70.0,79.0,97.0,144.0,191.0,255.0,291.0,415.0,521.0,449.0,472.0,427.0,402.0,495.0,503.0,442.0,476.0,555.0,687.0,739.0,810.0,963.0,431.04545454545456,Low
Russian Federation,95.0,118.0,140.0,164.0,209.0,272.0,353.0,462.0,610.0,516.0,567.0,684.0,759.0,809.0,740.0,499.0,465.0,580.0,609.0,654.0,771.0,936.0,500.54545454545456,Moderate
Rwanda,9.1193943,7.92787647,7.34832239,17.29731369,20.29362106,25.10174942,27.24308205,33.58434677,40.0471344,44.08419418,48.02530289,51.65081787,57.216465,47.7094574,50.62351608,48.80509567,50.70415497,48.34190369,51.54394531,51.18757629,57.91234207,60.2185936,38.90846388954546,Low
South Asia,17.0359279922034,18.3107561168636,18.5758511958108,20.1011741839728,22.7726781925932,24.9328623420319,27.279659398595,33.1534532419332,35.0519257731258,35.2762835624399,41.1089472240146,43.9882201981106,44.8151057537562,51.0474128574972,52.716381611338,54.2354323301983,56.6604356521395,55.4434505118085,56.3883928576723,58.5036840514201,61.2724693397013,70.176624949707,40.85668769713333,Low
Saudi Arabia,370.42074585,371.98947144,356.13839722,370.92379761,391.91143799,459.89138794,536.68743896,560.90765381,562.85314941,646.33703613,655.11743164,826.34002686,959.83081055,1059.09423828,1230.84533691,1198.33630371,1243.94177246,1261.1652832,1291.12866211,1279.6907959,1355.71655273,1441.9987793,837.784841364091,Moderate
Sudan,14.61430931,15.85929585,17.47236824,23.6236248,30.63433456,38.71856689,57.64347458,84.978302,85.98817444,83.10632324,76.49365234,83.55038452,79.18972778,102.35591125,93.15203094,98.24565125,93.67060852,71.14331818,35.53091431,35.51281357,23.34439278,21.58010864,57.564013090454544,Low
Senegal,21.99825287,24.10787964,27.20366478,36.11049652,43.03009415,36.86376953,39.08563995,41.32680893,49.78118515,50.8613205,51.81986618,58.30465698,56.95115662,61.02893066,62.2051239,54.20389557,54.93520355,57.67406845,65.77828217,65.75260925,76.77999878,71.22032928,50.31923788227272,Low
Singapore,792.42596436,689.14746094,744.0791626,833.35437012,848.58184814,892.4286499,972.19573975,1100.99316406,1278.4921875,1316.83496094,1487.37902832,1670.38220215,1824.97924805,2069.36743164,2188.33520508,2279.01708984,2450.90136719,2599.30004883,2641.50634766,2826.01000977,3367.7565918,3969.89086914,1765.6072248990909,Very High
Solomon Islands,47.13489151,61.4104805,77.6619339,54.08104324,65.09461212,89.11562347,87.39896393,88.28649902,74.60315704,92.104599,73.04418945,95.24793243,101.76835632,101.10624695,109.27742004,94.91165924,96.68874359,94.76846313,92.47520447,103.72428894,106.61138153,106.34587097,86.94825276318181,Low
Sierra Leone,17.18489456,18.7846756,22.93144798,21.89597321,22.70127487,26.26749039,29.28122711,30.97717667,36.24853897,37.96392822,36.55500031,47.91463089,50.08378601,81.8790741,138.29064941,114.16482544,81.37689209,45.5368042,43.07834244,46.25284195,46.01692963,43.1619873,47.206745061363634,Low
El Salvador,155.13145447,161.76152039,166.12776184,170.78582764,184.88005066,223.97184753,230.50076294,238.63465881,251.8334198,255.38142395,268.66708374,293.3677063,298.72540283,321.82662964,312.86746216,329.44250488,337.27490234,335.73712158,345.05181885,377.02557373,354.48699951,442.21374512,275.2588944868182,Low
San Marino,,2186.5703125,2214.66992188,2440.29370117,2868.36132813,2958.65527344,3132.23461914,3672.22583008,4235.84814453,4110.07666016,3695.15039063,4504.63085938,4353.61474609,4154.9296875,4161.48681641,3564.85253906,3656.28491211,3706.97045898,4012.65405273,3854.09521484,3842.77392578,4131.94189453,3593.253394717619,Very High
Serbia,56.47926331,112.19808197,173.26339722,230.08865356,274.45532227,307.54705811,371.50604248,547.22723389,671.88702393,575.262146,545.33380127,618.89422607,559.90539551,627.53302002,608.85858154,491.25177002,486.42944336,515.84588623,617.08679199,641.02966309,670.19439697,919.16790771,482.7929593872727,Low
Sub-Saharan Africa (excluding high income),33.4147158644523,30.8070177569689,29.6377431365307,43.5051275347252,52.154389693582,58.4611497549711,64.9897795974101,71.9505645401466,76.7923488104784,76.5786277536391,86.5991154564368,94.3192723691041,93.4487774432546,95.3167419122516,92.7086235442876,84.5496665935166,77.7862913459079,79.6046556867359,79.1238540217278,78.3456634800732,74.510171369775,84.29330340967,70.8589818670748,Low
South Sudan,,,,,,,,,,,,,,,,,,27.0063858,30.23945427,34.9889183,47.67607498,32.67995834,34.518158338,Low
Sub-Saharan Africa,33.455079604437,30.8503721663501,29.6794614700501,43.5509028155802,52.2042649994268,58.5107732636253,65.0398727323782,71.9919495832915,76.8264327821179,76.6054977928162,86.6394862785687,94.3579308538377,93.4981205539287,95.3638897164378,92.7618346030722,84.6008943226225,77.8479031503042,79.6646865486802,79.1872491449217,78.4067164112766,74.5715176076518,84.3473788668171,70.90737342128149,Low
Small states,215.282731736201,214.283300243789,235.713140960743,283.480005631877,328.221920288943,360.316482150685,381.719114006756,441.842755208409,481.337484079863,468.771529964613,484.600964896179,526.805573610828,534.01892581329,571.50036716173,599.845260294816,595.4006120144,587.374023908333,614.083509611932,641.875741658086,647.827430352949,649.752719530068,714.133182574402,480.8266716226768,Low
Sao Tome and Principe,56.13910675,53.05221176,57.02854919,78.68141174,79.00400543,89.38618469,66.81880188,69.87314606,77.46207428,76.35579681,74.38393402,84.74559784,86.12266541,124.09713745,118.93055725,84.50744629,109.2252121,116.49388123,108.28024292,106.26776123,158.96191406,186.10397339,93.72370962636364,Low
Suriname,166.08009338,91.58084106,158.49476624,167.7593689,213.90290833,243.13224792,315.47039795,310.97351074,336.31820679,382.56048584,402.40924072,378.1517334,409.34564209,438.41192627,445.3576355,517.38494873,341.91546631,325.37649536,450.16079712,611.95446777,464.22265625,298.93280029,339.5407562254546,Low
Slovak Republic,204.0,212.0,254.0,344.0,512.0,601.0,729.0,1029.0,1252.0,1320.0,1297.0,1352.0,1319.0,1370.0,1289.0,1109.0,1176.0,1189.0,1300.0,1342.0,1394.0,1685.0,1012.6818181818181,Moderate
Slovenia,797.0,826.0,945.0,1203.0,1369.0,1449.0,1542.0,1796.0,2179.0,2125.0,2017.0,2148.0,1975.0,2055.0,2062.0,1776.0,1835.0,1925.0,2170.0,2219.0,2417.0,2775.0,1800.2272727272727,Very High
Sweden,2173.0,2156.0,2459.0,3110.0,3488.0,3548.0,3765.0,4310.0,4628.0,4136.0,4416.0,6351.0,6254.0,6697.0,6606.0,5599.0,5681.0,5838.0,6005.0,5653.0,6003.0,6901.0,4808.045454545455,Very High
Eswatini,77.74626923,76.11361694,75.27822876,132.39044189,177.11592102,218.70697021,238.984375,253.80125427,267.72537231,282.30490112,346.70117188,369.37054443,343.8296814,306.57077026,285.05142212,252.67782593,227.801651,267.07046509,266.45422363,274.94509888,222.53158569,279.91430664,238.32209534999996,Low
Seychelles,354.08279419,384.13986206,368.28140259,429.45440674,485.71817017,499.62393188,513.20196533,450.61437988,390.29763794,329.66345215,472.47903442,484.18115234,599.81970215,583.38354492,650.09362793,623.9987793,735.57043457,736.65460205,784.73242188,769.74798584,781.51965332,718.49005127,552.0794996781818,Moderate
Syrian Arab Republic,54.56182098,58.60890198,63.64098358,60.61154175,60.79922104,62.79922867,64.36579895,72.40921021,83.15718079,87.92034149,88.68951416,74.85932159,63.13696671,,,,,,,,,,68.88923322307693,Low
Chad,10.38308048,12.00212383,18.5837326,18.59137535,28.63477135,32.28604889,34.9785614,35.18187714,38.15471268,36.02885056,36.498703,38.68487549,37.49700546,39.97917175,43.6758728,35.03440857,33.10380936,31.06099701,32.30886459,31.30481529,35.72977829,35.63117981,31.60611889545455,Low
East Asia & Pacific (IDA & IBRD countries),38.565448107851,39.7162906916175,44.2793470142443,50.5642752617485,56.8764312432401,65.3205790363096,74.9124164057419,89.5881311005618,117.065288197612,139.090389570879,161.036541075102,201.156967985039,234.537180143592,265.077321331358,288.752916638724,308.668014831324,313.934755553482,344.219162760928,390.172054525948,416.377701780368,448.01667740658,515.743918228408,209.25780949502996,Low
Europe & Central Asia (IDA & IBRD countries),105.897595420567,114.875427753771,134.449062686345,162.952983170973,203.570129757578,253.754210609829,305.236165544377,388.02506727526,488.884641431629,422.098163666416,456.170333500642,507.255397841577,532.512474762861,567.059824359181,537.045208856901,418.041818906445,407.704739113876,456.521486344642,475.570478542125,502.242217612422,553.967391017185,659.02128256989,393.31164094293143,Low
Togo,11.22799778,11.21350384,12.65094852,15.46995354,16.90148544,17.79439926,18.60928154,22.96606827,27.6753788,29.0416832,31.36204338,35.2552681,36.26974869,40.56192398,43.02396011,37.41205215,51.94157028,52.88779449,53.81824493,50.15758133,54.17138672,54.14671707,32.934499609999996,Low
Thailand,62.15243912,57.19501495,69.73505402,76.2408905,83.09568024,90.88136292,103.64756012,125.62582397,149.71322632,150.35655212,169.38200378,192.56607056,202.52087402,208.60844421,214.52433777,219.91911316,230.60774231,247.99453735,275.67111206,289.17828369,305.08792114,364.36968994,176.77607883045457,Low
Tajikistan,6.0,8.0,8.0,11.0,15.0,17.0,20.0,29.0,41.0,39.0,42.0,49.0,57.0,68.0,74.0,64.0,56.0,58.0,60.0,62.0,70.0,73.0,42.13636363636363,Low
Turkmenistan,75.74879456,121.89750671,130.00967407,204.33622742,311.54873657,335.87945557,363.31265259,273.25195313,247.2456665,187.76727295,214.1880188,267.01419067,307.66137695,363.10922241,422.53189087,390.99450684,408.19976807,461.36679077,457.06945801,488.62384033,483.79559326,565.25927734,321.85508519954544,Low
Latin America & the Caribbean (IDA & IBRD countries),283.122692549208,274.667844987455,235.41354396357,246.11926772225,280.085563249136,337.373391800368,393.108868398074,466.953311357021,537.567476344687,531.727358585951,635.523080624639,722.948503696566,723.763732504192,754.939802686547,756.952560715268,671.403298220547,642.723438286344,729.040626427494,668.510037163983,650.248290599743,586.418450841539,655.139019843199,535.6250072985354,Moderate
Timor-Leste,,,,15.0262661,19.86405373,25.16798592,27.39763641,30.08575439,43.2732811,49.87024689,52.4311409,64.27597809,71.29358673,102.54529572,92.87577057,101.42063141,92.97782898,86.74957275,78.94738007,79.26290131,120.86974335,134.9980011,67.85963450105264,Low
Middle East & North Africa (IDA & IBRD countries),79.0332122864319,83.7452697533663,84.8561020656422,81.8275795329753,94.0696916676439,105.641570534756,118.345676189308,143.906066878617,176.247901139548,196.61179625515,218.591633571611,247.786315129999,256.198097711085,246.259670488498,246.17237624536,236.724192971302,261.646205450475,255.720092682139,267.905547480183,247.81520459958,234.274702867681,257.388655746382,188.2167073294424,Low
Tonga,53.43399048,55.31956482,62.69612503,68.08676147,102.73557281,108.33146667,149.31607056,134.67384338,191.0229187,117.48226929,166.60621643,155.88771057,207.00796509,163.80981445,202.63577271,169.94888306,191.9367218,212.57102966,219.28793335,229.94410706,246.840271,279.24603271,158.58277459545454,Low
South Asia (IDA & IBRD),17.0359279922034,18.3107561168636,18.5758511958108,20.1011741839728,22.7726781925932,24.9328623420319,27.279659398595,33.1534532419332,35.0519257731258,35.2762835624399,41.1089472240146,43.9882201981106,44.8151057537562,51.0474128574972,52.716381611338,54.2354323301983,56.6604356521395,55.4434505118085,56.3883928576723,58.5036840514201,61.2724693397013,70.176624949707,40.85668769713333,Low
Sub-Saharan Africa (IDA & IBRD countries),33.455079604437,30.8503721663501,29.6794614700501,43.5509028155802,52.2042649994268,58.5107732636253,65.0398727323782,71.9919495832915,76.8264327821179,76.6054977928162,86.6394862785687,94.3579308538377,93.4981205539287,95.3638897164377,92.7618346030722,84.6008943226225,77.8479031503042,79.6646865486802,79.1872491449217,78.4067164112766,74.5715176076518,84.3473788668171,70.90737342128146,Low
Trinidad and Tobago,263.67974854,270.07980347,321.00622559,354.66384888,426.36782837,523.75091553,561.19958496,657.96405029,740.36676025,764.35394287,811.32800293,857.57232666,878.45526123,951.98162842,990.25134277,1039.05749512,1041.01623535,1058.94311523,1055.90356445,1071.89624023,1045.72900391,1125.39733887,764.134739269091,Moderate
Tunisia,109.57323456,112.57370758,123.12686157,147.14959717,165.22702026,167.6730957,176.48648071,199.6681366,227.52876282,228.4881897,237.90208435,267.08099365,266.30584717,280.64221191,283.7175293,246.10754395,237.1728363,220.80870056,212.39416504,209.52612305,246.5980835,265.46484375,210.50982041818182,Low
Turkiye,197.0,152.0,184.0,236.0,296.0,361.0,412.0,506.0,564.0,494.0,533.0,526.0,520.0,547.0,520.0,447.0,460.0,437.0,388.0,397.0,395.0,441.0,409.6818181818182,Low
Tuvalu,349.9498291,268.19760132,217.82833862,289.56884766,230.17105103,244.12539673,294.79556274,294.89035034,314.00231934,330.92410278,476.28549194,516.60144043,492.8399353,507.15719604,522.53997803,457.81326294,714.24078369,1014.10552979,820.4006958,1109.26647949,879.4911499,1070.95751953,518.9160392063636,Moderate
Tanzania,12.25793076,15.08091736,16.92565536,20.26038742,23.29498863,27.53238869,35.36390686,35.99416351,36.01263428,33.38547516,36.89682007,37.43364334,41.63511276,43.09357452,39.47782898,32.90985107,36.26340103,38.65550995,40.83135605,39.5618248,31.39298439,37.15989685,32.33728417454545,Low
Uganda,16.41194344,15.98436737,15.7368412,14.2323103,18.61294365,25.88375473,31.62604523,36.13018799,40.08214951,44.42161942,51.96447372,55.3051796,55.14218903,53.0015564,51.04053879,40.15630341,39.13254166,31.47759247,32.99159622,33.40487289,36.87842941,43.44807434,35.593886853636356,Low
Ukraine,35.0,45.0,53.0,69.0,85.0,116.0,148.0,186.0,216.0,169.0,203.0,244.0,276.0,281.0,213.0,158.0,157.0,187.0,221.0,247.0,270.0,368.0,179.4090909090909,Low
Upper middle income,100.75708833437,100.396372758043,98.6029161955007,110.583946808335,128.908772135296,153.519898466731,179.027442750268,216.596343392463,262.951657083582,271.349602785396,314.895966896614,371.229018957753,398.560934002449,431.156078641022,444.621875232393,423.181861706028,418.055063530528,465.616133463642,493.461866807572,512.096636685266,528.356088032087,603.264945356574,319.41775045554147,Low
Uruguay,693.67926025,673.92993164,432.80075073,380.19338989,372.46127319,441.00134277,495.71600342,572.52435303,803.44226074,817.64227295,1032.65795898,1232.04626465,1332.7512207,1500.72717285,1480.01989746,1410.3215332,1454.54711914,1655.83239746,1697.01452637,1677.09790039,1427.14025879,1620.32641602,1054.7215229372728,Moderate
United States,4533.82617188,4881.20751953,5304.52001953,5708.55175781,6047.81835938,6404.18603516,6779.22753906,7132.44677734,7347.45458984,7602.74560547,7833.04492188,8021.59326172,8274.37207031,8433.69824219,8828.4765625,9248.93457031,9599.890625,9902.81835938,10280.52636719,10658.39746094,11758.42480469,12012.24121094,8027.018310547728,Very High
Uzbekistan,35.0,30.0,24.0,25.0,28.0,32.0,38.0,46.0,61.0,71.0,92.0,109.0,127.0,140.0,118.0,132.0,129.0,93.0,82.0,99.0,121.0,157.0,81.31818181818181,Low
St. Vincent and the Grenadines,149.57020569,162.7335968,175.32115173,178.18965149,188.8163147,198.34997559,210.94276428,245.88890076,257.7953186,266.22644043,283.59768677,277.79837036,300.58456421,301.93356323,301.07556152,303.9425354,314.80490112,338.26269531,357.32647705,369.37362671,402.05984497,448.31021118,274.2229253590909,Low
"Venezuela, RB",,,,,,,,,,,,,,,,,,,165.32095337,113.2855072,152.75830078,160.09840393,147.86579132,Low
Viet Nam,20.57923889,24.96311378,21.37000656,24.29984856,31.21098709,38.00711441,45.87312698,53.68240356,64.11656189,69.80870819,85.4039917,97.18331909,109.55066681,104.46191406,120.02687836,122.27213287,134.44548035,149.30879211,164.23649597,173.64949036,154.23510742,172.55297852,90.05628897863639,Low
Vanuatu,46.8312645,44.34126282,50.72472382,53.21016693,60.82519913,59.98478699,65.47128296,70.28305054,79.23954773,80.40415955,96.36509705,110.27568817,114.38260651,126.3875351,104.33917236,114.26020813,80.8219223,83.77519226,102.07511902,101.97441101,116.55925751,133.15092468,86.1673899577273,Low
World,476.668731144932,488.823531956237,519.318485578018,583.887675118017,641.779871099168,680.858765203198,722.539878793932,790.668237083098,857.2146892814,867.564951371534,904.759005600758,979.30827683705,987.72393985215,1002.38070341962,1026.08571652307,984.081399391734,1006.50261112514,1043.98074583613,1086.64304758429,1104.48471575676,1179.66734162135,1265.61492907707,872.7526022388479,Moderate
Samoa,59.69736862,55.38201141,71.57524872,81.08128357,103.41331482,120.18282318,132.24249268,146.50878906,155.51965332,170.96871948,183.86772156,210.11923218,195.39874268,245.2074585,245.94456482,238.09069824,235.73020935,218.37336731,198.34815979,240.10105896,252.84034729,263.88595581,173.8399646068182,Low
"Yemen, Rep.",24.13679314,25.45506668,26.28294373,33.58860016,36.898983,40.90756226,48.03204346,55.67542648,66.46580505,62.60401154,64.44327545,61.27024841,70.12895966,74.30075836,75.41601563,63.30020905,,,,,,,51.80666887875,Low
South Africa,237.82832336,204.25814819,180.86155701,288.37631226,365.53488159,404.39968872,422.18884277,460.02288818,446.90435791,492.94265747,628.12860107,694.10058594,654.25469971,602.6763916,547.83441162,499.36334229,463.34463501,536.77722168,570.09777832,551.4352417,492.20724487,583.67108154,469.41858603681817,Low
Zambia,15.19319344,19.4038105,23.50069427,27.11714554,30.49891281,45.59496307,59.4561615,51.91783524,62.25917435,59.36890793,58.39817047,65.0934906,69.96878815,84.19036102,66.04714203,57.92047501,55.87984467,71.52032471,70.36667633,85.64040375,60.4353447,75.3394928,55.23233240409092,Low
Zimbabwe,,,,,,,,,,,98.24945831,87.49465179,89.26095581,100.13693237,114.44429779,105.09803009,106.18969727,92.25428772,114.63294983,54.80850601,50.67650986,62.73724365,89.66529337499999,Low
